{"cameraMode":{"drawMode":0,"name":"Shaded","section":"Shading Mode"},"sceneLighting":false,"audioPlay":false,"sceneViewState":{"m_AlwaysRefresh":false,"showFog":true,"showSkybox":false,"showFlares":true,"showImageEffects":true,"showParticleSystems":true,"showVisualEffectGraphs":true,"m_FxEnabled":true},"in2DMode":false,"pivot":{"x":-145.4859161376953,"y":-8.346488952636719,"z":-288.39349365234377},"rotation":{"x":-0.006900157313793898,"y":0.03155076131224632,"z":0.0001908164849737659,"w":0.9995611310005188},"size":17.934539794921876,"orthographic":false}