{"cameraMode":{"drawMode":0,"name":"Shaded","section":"Shading Mode"},"sceneLighting":false,"audioPlay":false,"sceneViewState":{"m_AlwaysRefresh":false,"showFog":true,"showSkybox":false,"showFlares":true,"showImageEffects":true,"showParticleSystems":true,"showVisualEffectGraphs":true,"m_FxEnabled":true},"in2DMode":false,"pivot":{"x":-0.24670028686523438,"y":22.299999237060548,"z":-115.19999694824219},"rotation":{"x":0.07118605077266693,"y":0.9276524186134338,"z":-0.23047463595867158,"w":0.28544560074806216},"size":34.64101791381836,"orthographic":false}