{"cameraMode":{"drawMode":0,"name":"Shaded","section":"Shading Mode"},"sceneLighting":false,"audioPlay":false,"sceneViewState":{"m_AlwaysRefresh":false,"showFog":true,"showSkybox":false,"showFlares":true,"showImageEffects":true,"showParticleSystems":true,"showVisualEffectGraphs":true,"m_FxEnabled":true},"in2DMode":false,"pivot":{"x":46.47362518310547,"y":70.22138214111328,"z":-159.92404174804688},"rotation":{"x":0.7985507249832153,"y":-0.0027086548507213594,"z":0.003593445522710681,"w":0.6019098162651062},"size":63.90192413330078,"orthographic":false}