{"cameraMode":{"drawMode":0,"name":"Shaded","section":"Shading Mode"},"sceneLighting":false,"audioPlay":false,"sceneViewState":{"m_AlwaysRefresh":false,"showFog":true,"showSkybox":false,"showFlares":true,"showImageEffects":true,"showParticleSystems":true,"showVisualEffectGraphs":true,"m_FxEnabled":true},"in2DMode":false,"pivot":{"x":3.3921353816986086,"y":8.936010360717774,"z":0.031110286712646486},"rotation":{"x":-0.08692585676908493,"y":-0.6953052878379822,"z":0.08531192690134049,"w":-0.7083438634872437},"size":17.934520721435548,"orthographic":false}